"SKU","Name","Variant","Category","Cost Price","Selling Price","Stock","Barcode","image_url"
"GM","Angle Nipple Master","GI/Brass","Sanitary Fittings","250","250","0","","https://www.sanitary.pk/admin/assets/uploaded_images/Pipe%20Fittings.jpg"
"GZ","Angle Nipple Z","GI/Brass","Sanitary Fittings","260","260","0","","https://www.sanitary.pk/admin/assets/uploaded_images/Pipe%20Fittings.jpg"
"BLV20MM","Ball Valve 20mm","PPR","Sanitary Fittings","378","630","7","","https://www.sanitary.pk/admin/assets/uploaded_images/Pipe%20Fittings.jpg"
"BLV25MM","Ball Valve 25mm","PPR","Sanitary Fittings","699","1165","2","","https://www.sanitary.pk/admin/assets/uploaded_images/Pipe%20Fittings.jpg"
"BLV32MM","Ball Valve 32mm","PPR","Sanitary Fittings","1140","1900","0","","https://www.sanitary.pk/admin/assets/uploaded_images/Pipe%20Fittings.jpg"
"BLV40MM","Ball Valve 40mm","PPR","Sanitary Fittings","1887","3145","3","","https://www.sanitary.pk/admin/assets/uploaded_images/Pipe%20Fittings.jpg"
"BVF2","Ball Valve GI 1/2","GI/Brass","Sanitary Fittings","318","530","0","","https://www.sanitary.pk/admin/assets/uploaded_images/Pipe%20Fittings.jpg"
"BVF4","Ball Valve GI 3/4","GI/Brass","Sanitary Fittings","360","600","0","","https://www.sanitary.pk/admin/assets/uploaded_images/Pipe%20Fittings.jpg"
"BVIL2","Ball Valve IL GI 1/2","GI/Brass","Sanitary Fittings","294","490","0","","https://www.sanitary.pk/admin/assets/uploaded_images/Pipe%20Fittings.jpg"
"BVNR","Ball Valve RBS 1/2","PPR","Sanitary Fittings","294","490","0","","https://www.sanitary.pk/admin/assets/uploaded_images/Pipe%20Fittings.jpg"
"BVF1","Ball Valve RBS 1in","PPR","Sanitary Fittings","540","900","0","","https://www.sanitary.pk/admin/assets/uploaded_images/Pipe%20Fittings.jpg"
"BVS2","Ball Valve Shahzad 1/2","Tap/Valve","Sanitary Fittings","330","330","0","","https://www.sanitary.pk/admin/assets/uploaded_images/Pipe%20Fittings.jpg"
"BVS4","Ball Valve Shahzad 3/4","Tap/Valve","Sanitary Fittings","420","420","0","","https://www.sanitary.pk/admin/assets/uploaded_images/Pipe%20Fittings.jpg"
"BMJ","Basin Mixer Tempo","Tap/Valve","Accessories","1850","1850","0","","https://www.sanitary.pk/admin/assets/uploaded_images/basin%20mixer.jpeg"
"BMYS","Basin Mixer YS","Tap/Valve","Accessories","1450","1450","0","","https://www.sanitary.pk/admin/assets/uploaded_images/basin%20mixer.jpeg"
"BW","Basin Waste","Bathroom","Accessories","200","200","0","","https://www.sanitary.pk/admin/assets/uploaded_images/basin%20mixer.jpeg"
"BAS2","Bath Accessories Set Good","Bathroom","Accessories","1600","1600","0","","https://www.sanitary.pk/admin/assets/uploaded_images/basin%20mixer.jpeg"
"BASS","Bath Accessories Set Steel","Bathroom","Accessories","1500","1500","0","","https://www.sanitary.pk/admin/assets/uploaded_images/basin%20mixer.jpeg"
"BASW","Bath Accessories Set Wooden","Bathroom","Accessories","1950","1950","0","","https://www.sanitary.pk/admin/assets/uploaded_images/basin%20mixer.jpeg"
"PB3","Bend MFit 3in","PPR","Sanitary Fittings","150","250","0","","https://www.sanitary.pk/admin/assets/uploaded_images/Pipe%20Fittings.jpg"
"PB4","Bend MFit 4in","PPR","Sanitary Fittings","180","300","0","","https://www.sanitary.pk/admin/assets/uploaded_images/Pipe%20Fittings.jpg"
"BCM","Bibcock Brass 1/2","Tap/Valve","Accessories","150","150","0","","https://www.sanitary.pk/admin/assets/uploaded_images/basin%20mixer.jpeg"
"BCC","Bibcock China 1/2","Tap/Valve","Accessories","350","350","0","","https://www.sanitary.pk/admin/assets/uploaded_images/basin%20mixer.jpeg"
"BCH","Bibcock Handle 1/2","Tap/Valve","Accessories","150","150","0","","https://www.sanitary.pk/admin/assets/uploaded_images/basin%20mixer.jpeg"
"BCN","Bibcock Nector","Tap/Valve","Accessories","150","150","0","","https://www.sanitary.pk/admin/assets/uploaded_images/basin%20mixer.jpeg"
"BCNM","Bibcock New Master","Tap/Valve","Accessories","450","450","0","","https://www.sanitary.pk/admin/assets/uploaded_images/basin%20mixer.jpeg"
"BCT","Bibcock Plastic 1/2","Tap/Valve","Accessories","135","135","0","","https://www.sanitary.pk/admin/assets/uploaded_images/basin%20mixer.jpeg"
"BCYS","Bibcock YS","Tap/Valve","Accessories","430","430","0","","https://www.sanitary.pk/admin/assets/uploaded_images/basin%20mixer.jpeg"
"B","Blade","General","Accessories","30","30","0","","https://www.sanitary.pk/admin/assets/uploaded_images/basin%20mixer.jpeg"
"BKN","Bolt Kit Normal","General","Accessories","65","65","0","","https://www.sanitary.pk/admin/assets/uploaded_images/basin%20mixer.jpeg"
"BKS","Bolt Kit Steel","General","Accessories","150","150","0","","https://www.sanitary.pk/admin/assets/uploaded_images/basin%20mixer.jpeg"
"BH","Brush Holder","Bathroom","Accessories","250","250","0","","https://www.sanitary.pk/admin/assets/uploaded_images/basin%20mixer.jpeg"
"CBA25","C-Band ACCUFIT 25mm","PPR","Sanitary Fittings","47","65","84","","https://www.sanitary.pk/admin/assets/uploaded_images/Pipe%20Fittings.jpg"
"CBA32","C-Band ACCUFIT 32mm","PPR","Sanitary Fittings","82","114","132","","https://www.sanitary.pk/admin/assets/uploaded_images/Pipe%20Fittings.jpg"
"CBM25","C-Band Master 25mm","PPR","Sanitary Fittings","35","58","0","","https://www.sanitary.pk/admin/assets/uploaded_images/Pipe%20Fittings.jpg"
"CBM32","C-Band Master 32mm","PPR","Sanitary Fittings","40","67","0","","https://www.sanitary.pk/admin/assets/uploaded_images/Pipe%20Fittings.jpg"
"CPC","CP Chain Toilet Shower","Tap/Valve","Accessories","170","170","0","","https://www.sanitary.pk/admin/assets/uploaded_images/basin%20mixer.jpeg"
"CPN112","CP Nozzle 1-1/2","Tap/Valve","Sanitary Fittings","100","100","0","","https://www.sanitary.pk/admin/assets/uploaded_images/Pipe%20Fittings.jpg"
"CPN1","CP Nozzle 1in","Tap/Valve","Sanitary Fittings","90","90","0","","https://www.sanitary.pk/admin/assets/uploaded_images/Pipe%20Fittings.jpg"
"CO3","Clean Out 3in","PPR","Sanitary Fittings","156","260","0","","https://www.sanitary.pk/admin/assets/uploaded_images/Pipe%20Fittings.jpg"
"CO4","Clean Out 4in","PPR","Sanitary Fittings","180","300","0","","https://www.sanitary.pk/admin/assets/uploaded_images/Pipe%20Fittings.jpg"
"D","Dhaga","General","Accessories","8","8","0","","https://www.sanitary.pk/admin/assets/uploaded_images/basin%20mixer.jpeg"
"DBYS","Double Bibcock Tempo","Tap/Valve","Accessories","850","850","0","","https://www.sanitary.pk/admin/assets/uploaded_images/basin%20mixer.jpeg"
"DHH","Dress Holder Heavy","Bathroom","Accessories","250","250","0","","https://www.sanitary.pk/admin/assets/uploaded_images/basin%20mixer.jpeg"
"DHN","Dress Holder Normal","Bathroom","Accessories","100","100","0","","https://www.sanitary.pk/admin/assets/uploaded_images/basin%20mixer.jpeg"
"ELB45110MM","Elbow 45 110mm","PPR","Sanitary Fittings","2722","4537","0","","https://www.sanitary.pk/admin/assets/uploaded_images/Pipe%20Fittings.jpg"
"ELB4520MM","Elbow 45 20mm","PPR","Sanitary Fittings","25","42","0","","https://www.sanitary.pk/admin/assets/uploaded_images/Pipe%20Fittings.jpg"
"ELB4525MM","Elbow 45 25mm","PPR","Sanitary Fittings","40","66","0","","https://www.sanitary.pk/admin/assets/uploaded_images/Pipe%20Fittings.jpg"
"ELB4532MM","Elbow 45 32mm","PPR","Sanitary Fittings","63","105","0","","https://www.sanitary.pk/admin/assets/uploaded_images/Pipe%20Fittings.jpg"
"ELB4540MM","Elbow 45 40mm","PPR","Sanitary Fittings","106","177","0","","https://www.sanitary.pk/admin/assets/uploaded_images/Pipe%20Fittings.jpg"
"ELB4550MM","Elbow 45 50mm","PPR","Sanitary Fittings","198","330","0","","https://www.sanitary.pk/admin/assets/uploaded_images/Pipe%20Fittings.jpg"
"ELB4563MM","Elbow 45 63mm","PPR","Sanitary Fittings","394","657","0","","https://www.sanitary.pk/admin/assets/uploaded_images/Pipe%20Fittings.jpg"
"ELB4575MM","Elbow 45 75mm","PPR","Sanitary Fittings","956","1593","0","","https://www.sanitary.pk/admin/assets/uploaded_images/Pipe%20Fittings.jpg"
"ELB4590MM","Elbow 45 90mm","PPR","Sanitary Fittings","1787","2979","0","","https://www.sanitary.pk/admin/assets/uploaded_images/Pipe%20Fittings.jpg"
"ELB90110MM","Elbow 90 110mm","PPR","Sanitary Fittings","3990","6650","0","","https://www.sanitary.pk/admin/assets/uploaded_images/Pipe%20Fittings.jpg"
"ELB9020MM","Elbow 90 20mm","PPR","Sanitary Fittings","26","44","0","","https://www.sanitary.pk/admin/assets/uploaded_images/Pipe%20Fittings.jpg"
"ELB9025MM","Elbow 90 25mm","PPR","Sanitary Fittings","42","70","0","","https://www.sanitary.pk/admin/assets/uploaded_images/Pipe%20Fittings.jpg"
"ELB9032MM","Elbow 90 32mm","PPR","Sanitary Fittings","73","121","0","","https://www.sanitary.pk/admin/assets/uploaded_images/Pipe%20Fittings.jpg"
"ELB9040MM","Elbow 90 40mm","PPR","Sanitary Fittings","132","220","0","","https://www.sanitary.pk/admin/assets/uploaded_images/Pipe%20Fittings.jpg"
"ELB9050MM","Elbow 90 50mm","PPR","Sanitary Fittings","209","348","0","","https://www.sanitary.pk/admin/assets/uploaded_images/Pipe%20Fittings.jpg"
"ELB9063MM","Elbow 90 63mm","PPR","Sanitary Fittings","388","646","0","","https://www.sanitary.pk/admin/assets/uploaded_images/Pipe%20Fittings.jpg"
"ELB9075MM","Elbow 90 75mm","PPR","Sanitary Fittings","1300","2166","0","","https://www.sanitary.pk/admin/assets/uploaded_images/Pipe%20Fittings.jpg"
"ELB9090MM","Elbow 90 90mm","PPR","Sanitary Fittings","2318","3863","0","","https://www.sanitary.pk/admin/assets/uploaded_images/Pipe%20Fittings.jpg"
"PE32","Elbow MFit 3x2","PPR","Sanitary Fittings","120","200","0","","https://www.sanitary.pk/admin/assets/uploaded_images/Pipe%20Fittings.jpg"
"PE43","Elbow MFit 4x3","PPR","Sanitary Fittings","138","230","0","","https://www.sanitary.pk/admin/assets/uploaded_images/Pipe%20Fittings.jpg"
"EA25","Elbow PPR ACCUFIT 25mm","PPR","Sanitary Fittings","22","30","62","","https://www.sanitary.pk/admin/assets/uploaded_images/Pipe%20Fittings.jpg"
"EA2545","Elbow PPR ACCUFIT 25mm 45deg","PPR","Sanitary Fittings","25","35","0","","https://www.sanitary.pk/admin/assets/uploaded_images/Pipe%20Fittings.jpg"
"EA252","Elbow PPR ACCUFIT 25x1/2","PPR","Sanitary Fittings","78","108","43","","https://www.sanitary.pk/admin/assets/uploaded_images/Pipe%20Fittings.jpg"
"EA2534","Elbow PPR ACCUFIT 25x3/4","PPR","Sanitary Fittings","104","145","259","","https://www.sanitary.pk/admin/assets/uploaded_images/Pipe%20Fittings.jpg"
"EA2532","Elbow PPR ACCUFIT 25x32","PPR","Sanitary Fittings","40","55","219","","https://www.sanitary.pk/admin/assets/uploaded_images/Pipe%20Fittings.jpg"
"EA32","Elbow PPR ACCUFIT 32mm","PPR","Sanitary Fittings","32","45","79","","https://www.sanitary.pk/admin/assets/uploaded_images/Pipe%20Fittings.jpg"
"EA3245","Elbow PPR ACCUFIT 32mm 45deg","PPR","Sanitary Fittings","45","62","0","","https://www.sanitary.pk/admin/assets/uploaded_images/Pipe%20Fittings.jpg"
"EA322","Elbow PPR ACCUFIT 32x1/2","PPR","Sanitary Fittings","130","180","219","","https://www.sanitary.pk/admin/assets/uploaded_images/Pipe%20Fittings.jpg"
"EA324","Elbow PPR ACCUFIT 32x3/4","PPR","Sanitary Fittings","151","210","404","","https://www.sanitary.pk/admin/assets/uploaded_images/Pipe%20Fittings.jpg"
"EM25","Elbow PPR Master 25mm","PPR","Sanitary Fittings","53","89","0","","https://www.sanitary.pk/admin/assets/uploaded_images/Pipe%20Fittings.jpg"
"EM2545","Elbow PPR Master 25mm 45deg","PPR","Sanitary Fittings","21","35","0","","https://www.sanitary.pk/admin/assets/uploaded_images/Pipe%20Fittings.jpg"
"EM252","Elbow PPR Master 25x1/2","PPR","Sanitary Fittings","73","122","0","","https://www.sanitary.pk/admin/assets/uploaded_images/Pipe%20Fittings.jpg"
"EM2534","Elbow PPR Master 25x3/4","PPR","Sanitary Fittings","86","144","0","","https://www.sanitary.pk/admin/assets/uploaded_images/Pipe%20Fittings.jpg"
"EM2532","Elbow PPR Master 25x32","PPR","Sanitary Fittings","36","60","0","","https://www.sanitary.pk/admin/assets/uploaded_images/Pipe%20Fittings.jpg"
"EM32","Elbow PPR Master 32mm","PPR","Sanitary Fittings","50","84","0","","https://www.sanitary.pk/admin/assets/uploaded_images/Pipe%20Fittings.jpg"
"EM322","Elbow PPR Master 32x1/2","PPR","Sanitary Fittings","127","212","0","","https://www.sanitary.pk/admin/assets/uploaded_images/Pipe%20Fittings.jpg"
"EM324","Elbow PPR Master 32x3/4","PPR","Sanitary Fittings","139","232","0","","https://www.sanitary.pk/admin/assets/uploaded_images/Pipe%20Fittings.jpg"
"PE2","Elbow PVC 2in","PPR","Sanitary Fittings","48","80","0","","https://www.sanitary.pk/admin/assets/uploaded_images/Pipe%20Fittings.jpg"
"PE345","Elbow PVC 45 3in","PPR","Sanitary Fittings","84","140","0","","https://www.sanitary.pk/admin/assets/uploaded_images/Pipe%20Fittings.jpg"
"PE445","Elbow PVC 45 4in","PPR","Sanitary Fittings","162","270","0","","https://www.sanitary.pk/admin/assets/uploaded_images/Pipe%20Fittings.jpg"
"PE3","Elbow PVC 90 3in","PPR","Sanitary Fittings","84","140","0","","https://www.sanitary.pk/admin/assets/uploaded_images/Pipe%20Fittings.jpg"
"PE4","Elbow PVC 90 4in","PPR","Sanitary Fittings","162","270","0","","https://www.sanitary.pk/admin/assets/uploaded_images/Pipe%20Fittings.jpg"
"PEC3","End Cap 3in","PPR","Sanitary Fittings","78","130","0","","https://www.sanitary.pk/admin/assets/uploaded_images/Pipe%20Fittings.jpg"
"PEC4","End Cap 4in","PPR","Sanitary Fittings","90","150","0","","https://www.sanitary.pk/admin/assets/uploaded_images/Pipe%20Fittings.jpg"
"ECA25","End Cap ACCUFIT 25mm","PPR","Sanitary Fittings","14","20","24","","https://www.sanitary.pk/admin/assets/uploaded_images/Pipe%20Fittings.jpg"
"ECA32","End Cap ACCUFIT 32mm","PPR","Sanitary Fittings","18","25","36","","https://www.sanitary.pk/admin/assets/uploaded_images/Pipe%20Fittings.jpg"
"ECM25","End Cap Master 25mm","PPR","Sanitary Fittings","12","20","0","","https://www.sanitary.pk/admin/assets/uploaded_images/Pipe%20Fittings.jpg"
"ECM32","End Cap Master 32mm","PPR","Sanitary Fittings","18","30","0","","https://www.sanitary.pk/admin/assets/uploaded_images/Pipe%20Fittings.jpg"
"TEQ110MM","Equal Tee 110mm","PPR","Sanitary Fittings","4504","7506","0","","https://www.sanitary.pk/admin/assets/uploaded_images/Pipe%20Fittings.jpg"
"TEQ20MM","Equal Tee 20mm","PPR","Sanitary Fittings","40","66","0","","https://www.sanitary.pk/admin/assets/uploaded_images/Pipe%20Fittings.jpg"
"TEQ25MM","Equal Tee 25mm","PPR","Sanitary Fittings","52","86","0","","https://www.sanitary.pk/admin/assets/uploaded_images/Pipe%20Fittings.jpg"
"TEQ32MM","Equal Tee 32mm","PPR","Sanitary Fittings","92","153","0","","https://www.sanitary.pk/admin/assets/uploaded_images/Pipe%20Fittings.jpg"
"TEQ40MM","Equal Tee 40mm","PPR","Sanitary Fittings","147","245","0","","https://www.sanitary.pk/admin/assets/uploaded_images/Pipe%20Fittings.jpg"
"TEQ50MM","Equal Tee 50mm","PPR","Sanitary Fittings","279","465","0","","https://www.sanitary.pk/admin/assets/uploaded_images/Pipe%20Fittings.jpg"
"TEQ63MM","Equal Tee 63mm","PPR","Sanitary Fittings","536","893","0","","https://www.sanitary.pk/admin/assets/uploaded_images/Pipe%20Fittings.jpg"
"TEQ75MM","Equal Tee 75mm","PPR","Sanitary Fittings","1379","2299","0","","https://www.sanitary.pk/admin/assets/uploaded_images/Pipe%20Fittings.jpg"
"TEQ90MM","Equal Tee 90mm","PPR","Sanitary Fittings","2444","4073","0","","https://www.sanitary.pk/admin/assets/uploaded_images/Pipe%20Fittings.jpg"
"FP","Flexible Pipe","General","Accessories","140","140","0","","https://www.sanitary.pk/admin/assets/uploaded_images/basin%20mixer.jpeg"
"FWS","Floor Waste Steel 6x6","Hardware","Accessories","330","330","0","","https://www.sanitary.pk/admin/assets/uploaded_images/basin%20mixer.jpeg"
"FV","Foot Valve 1in Brass","Tap/Valve","Sanitary Fittings","600","600","0","","https://www.sanitary.pk/admin/assets/uploaded_images/Pipe%20Fittings.jpg"
"FVM","Foot Valve 1in Mughal","Tap/Valve","Sanitary Fittings","550","550","0","","https://www.sanitary.pk/admin/assets/uploaded_images/Pipe%20Fittings.jpg"
"efm1","GI Elbow FM 1in","GI/Brass","Sanitary Fittings","150","150","0","","https://www.sanitary.pk/admin/assets/uploaded_images/Pipe%20Fittings.jpg"
"efm4","GI Elbow FM 3/4","GI/Brass","Sanitary Fittings","100","100","0","","https://www.sanitary.pk/admin/assets/uploaded_images/Pipe%20Fittings.jpg"
"GP34","Garden Pipe Per Foot","General","Accessories","38","38","0","","https://www.sanitary.pk/admin/assets/uploaded_images/basin%20mixer.jpeg"
"GTVL20X34","Gate Valve 20x3/4","PPR","Sanitary Fittings","0","0","0","","https://www.sanitary.pk/admin/assets/uploaded_images/Pipe%20Fittings.jpg"
"GTVL25X34","Gate Valve 25x3/4","PPR","Sanitary Fittings","0","0","0","","https://www.sanitary.pk/admin/assets/uploaded_images/Pipe%20Fittings.jpg"
"GTVL32X1","Gate Valve 32x1","PPR","Sanitary Fittings","0","0","0","","https://www.sanitary.pk/admin/assets/uploaded_images/Pipe%20Fittings.jpg"
"GTVL40X114","Gate Valve 40x1-1/4","PPR","Sanitary Fittings","0","0","0","","https://www.sanitary.pk/admin/assets/uploaded_images/Pipe%20Fittings.jpg"
"GTVL50X112","Gate Valve 50x1-1/2","PPR","Sanitary Fittings","0","0","0","","https://www.sanitary.pk/admin/assets/uploaded_images/Pipe%20Fittings.jpg"
"GTVL63X2","Gate Valve 63x2","PPR","Sanitary Fittings","0","0","0","","https://www.sanitary.pk/admin/assets/uploaded_images/Pipe%20Fittings.jpg"
"GVA25","Gate Valve ACCUFIT 25mm","PPR","Sanitary Fittings","382","530","896","","https://www.sanitary.pk/admin/assets/uploaded_images/Pipe%20Fittings.jpg"
"GVA32","Gate Valve ACCUFIT 32mm","PPR","Sanitary Fittings","518","720","1314","","https://www.sanitary.pk/admin/assets/uploaded_images/Pipe%20Fittings.jpg"
"GVM25","Gate Valve Master 25mm","PPR","Sanitary Fittings","270","450","0","","https://www.sanitary.pk/admin/assets/uploaded_images/Pipe%20Fittings.jpg"
"GVM32","Gate Valve Master 32mm","PPR","Sanitary Fittings","381","635","0","","https://www.sanitary.pk/admin/assets/uploaded_images/Pipe%20Fittings.jpg"
"gw","Geezer Wire","General","Accessories","320","320","0","","https://www.sanitary.pk/admin/assets/uploaded_images/basin%20mixer.jpeg"
"H","Hook Patti","General","Accessories","15","15","0","","https://www.sanitary.pk/admin/assets/uploaded_images/basin%20mixer.jpeg"
"JC112","Jubilee Clamp 1-1/2","Hardware","Accessories","30","30","0","","https://www.sanitary.pk/admin/assets/uploaded_images/basin%20mixer.jpeg"
"JC114","Jubilee Clamp 1-1/4","Hardware","Accessories","25","25","0","","https://www.sanitary.pk/admin/assets/uploaded_images/basin%20mixer.jpeg"
"JC2","Jubilee Clamp 1/2","Hardware","Accessories","15","15","0","","https://www.sanitary.pk/admin/assets/uploaded_images/basin%20mixer.jpeg"
"KC2","Killi Clamp 1/2","Hardware","Accessories","20","20","0","","https://www.sanitary.pk/admin/assets/uploaded_images/basin%20mixer.jpeg"
"kc4","Killi Clamp 3/4","Hardware","Accessories","25","25","0","","https://www.sanitary.pk/admin/assets/uploaded_images/basin%20mixer.jpeg"
"MH12M","Manhole Cover 12x12","Manhole","Accessories","860","860","0","","https://www.sanitary.pk/admin/assets/uploaded_images/basin%20mixer.jpeg"
"MHMF9","Manhole Cover 9x9","Manhole","Accessories","650","650","0","","https://www.sanitary.pk/admin/assets/uploaded_images/basin%20mixer.jpeg"
"MHHi12P","Manhole Cover PVC 12x12","Manhole","Accessories","320","320","0","","https://www.sanitary.pk/admin/assets/uploaded_images/basin%20mixer.jpeg"
"MHHi6","Manhole Cover PVC 6x6","Manhole","Accessories","150","150","0","","https://www.sanitary.pk/admin/assets/uploaded_images/basin%20mixer.jpeg"
"MHA19","Manhole Cover PVC 9x9","Manhole","Accessories","200","200","0","","https://www.sanitary.pk/admin/assets/uploaded_images/basin%20mixer.jpeg"
"MHHi12","Manhole Cover Star 12x12","Manhole","Accessories","400","400","0","","https://www.sanitary.pk/admin/assets/uploaded_images/basin%20mixer.jpeg"
"MHMF24","Manhole Master Plus 24x24","Manhole","Accessories","5000","5000","0","","https://www.sanitary.pk/admin/assets/uploaded_images/basin%20mixer.jpeg"
"MHA16","Manhole Strainer 6x6","Manhole","Accessories","250","250","0","","https://www.sanitary.pk/admin/assets/uploaded_images/basin%20mixer.jpeg"
"MR","Mirror","General","Accessories","430","430","0","","https://www.sanitary.pk/admin/assets/uploaded_images/basin%20mixer.jpeg"
"MEA","Mixer Elbow PPR ACCUFIT 25x1/2","PPR","Sanitary Fittings","251","348","420","","https://www.sanitary.pk/admin/assets/uploaded_images/Pipe%20Fittings.jpg"
"MEM","Mixer Elbow PPR Master 25x1/2","PPR","Sanitary Fittings","200","334","0","","https://www.sanitary.pk/admin/assets/uploaded_images/Pipe%20Fittings.jpg"
"NRV","Non Return Valve 1/2","Tap/Valve","Accessories","370","370","0","","https://www.sanitary.pk/admin/assets/uploaded_images/basin%20mixer.jpeg"
"PT3","P Trap PVC 3in","PPR","Sanitary Fittings","165","275","0","","https://www.sanitary.pk/admin/assets/uploaded_images/Pipe%20Fittings.jpg"
"PT4","P Trap PVC 4in","PPR","Sanitary Fittings","360","600","0","","https://www.sanitary.pk/admin/assets/uploaded_images/Pipe%20Fittings.jpg"
"PA1625","PIPE PPR ACCUFIT 25mm PN16","PPR","Pipes & Fittings","287","455","597","","https://www.sanitary.pk/admin/assets/uploaded_images/pipes%20and%20fitting.jpeg"
"PA2025","PIPE PPR ACCUFIT 25mm PN20","PPR","Pipes & Fittings","328","520","949","","https://www.sanitary.pk/admin/assets/uploaded_images/pipes%20and%20fitting.jpeg"
"PA1632","PIPE PPR ACCUFIT 32mm PN16","PPR","Pipes & Fittings","452","718","697","","https://www.sanitary.pk/admin/assets/uploaded_images/pipes%20and%20fitting.jpeg"
"PA2032","PIPE PPR ACCUFIT 32mm PN20","PPR","Pipes & Fittings","534","848","1157","","https://www.sanitary.pk/admin/assets/uploaded_images/pipes%20and%20fitting.jpeg"
"PM1625","PIPE PPR Master 25mm PN16","PPR","Pipes & Fittings","394","750","0","","https://www.sanitary.pk/admin/assets/uploaded_images/pipes%20and%20fitting.jpeg"
"PM2025","PIPE PPR Master 25mm PN20","PPR","Pipes & Fittings","441","840","0","","https://www.sanitary.pk/admin/assets/uploaded_images/pipes%20and%20fitting.jpeg"
"PM1632","PIPE PPR Master 32mm PN16","PPR","Pipes & Fittings","656","1250","0","","https://www.sanitary.pk/admin/assets/uploaded_images/pipes%20and%20fitting.jpeg"
"PM2032","PIPE PPR Master 32mm PN20","PPR","Pipes & Fittings","735","1400","0","","https://www.sanitary.pk/admin/assets/uploaded_images/pipes%20and%20fitting.jpeg"
"PN10","Pipe Nipple 1/2 10in","GI/Brass","Sanitary Fittings","80","80","0","","https://www.sanitary.pk/admin/assets/uploaded_images/Pipe%20Fittings.jpg"
"PN12","Pipe Nipple 1/2 12in","GI/Brass","Sanitary Fittings","100","100","0","","https://www.sanitary.pk/admin/assets/uploaded_images/Pipe%20Fittings.jpg"
"PN4","Pipe Nipple 1/2 4in","GI/Brass","Sanitary Fittings","40","40","0","","https://www.sanitary.pk/admin/assets/uploaded_images/Pipe%20Fittings.jpg"
"PN5","Pipe Nipple 1/2 5in","GI/Brass","Sanitary Fittings","50","50","0","","https://www.sanitary.pk/admin/assets/uploaded_images/Pipe%20Fittings.jpg"
"PN6","Pipe Nipple 1/2 6in","GI/Brass","Sanitary Fittings","60","60","0","","https://www.sanitary.pk/admin/assets/uploaded_images/Pipe%20Fittings.jpg"
"PN8","Pipe Nipple 1/2 8in","GI/Brass","Sanitary Fittings","70","70","0","","https://www.sanitary.pk/admin/assets/uploaded_images/Pipe%20Fittings.jpg"
"PN44","Pipe Nipple 3/4 4in","GI/Brass","Sanitary Fittings","70","70","0","","https://www.sanitary.pk/admin/assets/uploaded_images/Pipe%20Fittings.jpg"
"PN45","Pipe Nipple 3/4 5in","GI/Brass","Sanitary Fittings","80","80","0","","https://www.sanitary.pk/admin/assets/uploaded_images/Pipe%20Fittings.jpg"
"PN46","Pipe Nipple 3/4 6in","GI/Brass","Sanitary Fittings","90","90","0","","https://www.sanitary.pk/admin/assets/uploaded_images/Pipe%20Fittings.jpg"
"PN47","Pipe Nipple 3/4 7in","GI/Brass","Sanitary Fittings","100","100","0","","https://www.sanitary.pk/admin/assets/uploaded_images/Pipe%20Fittings.jpg"
"PN48","Pipe Nipple 3/4 8in","GI/Brass","Sanitary Fittings","110","110","0","","https://www.sanitary.pk/admin/assets/uploaded_images/Pipe%20Fittings.jpg"
"PN16-25MM","Pipe PN16 25mm","PPR","Pipes & Fittings","794","1513","0","","https://www.sanitary.pk/admin/assets/uploaded_images/pipes%20and%20fitting.jpeg"
"PN16-32MM","Pipe PN16 32mm","PPR","Pipes & Fittings","1319","2512","0","","https://www.sanitary.pk/admin/assets/uploaded_images/pipes%20and%20fitting.jpeg"
"PN16-40MM","Pipe PN16 40mm","PPR","Pipes & Fittings","1928","3673","3","","https://www.sanitary.pk/admin/assets/uploaded_images/pipes%20and%20fitting.jpeg"
"PN20-110MM","Pipe PN20 110mm","PPR","Pipes & Fittings","17543","33415","0","","https://www.sanitary.pk/admin/assets/uploaded_images/pipes%20and%20fitting.jpeg"
"PN20-20MM","Pipe PN20 20mm","PPR","Pipes & Fittings","585","1114","1","","https://www.sanitary.pk/admin/assets/uploaded_images/pipes%20and%20fitting.jpeg"
"PN20-25MM","Pipe PN20 25mm","PPR","Pipes & Fittings","896","1706","0","","https://www.sanitary.pk/admin/assets/uploaded_images/pipes%20and%20fitting.jpeg"
"PN20-32MM","Pipe PN20 32mm","PPR","Pipes & Fittings","1538","2929","0","","https://www.sanitary.pk/admin/assets/uploaded_images/pipes%20and%20fitting.jpeg"
"PN20-40MM","Pipe PN20 40mm","PPR","Pipes & Fittings","2261","4307","0","","https://www.sanitary.pk/admin/assets/uploaded_images/pipes%20and%20fitting.jpeg"
"PN20-50MM","Pipe PN20 50mm","PPR","Pipes & Fittings","3844","7322","0","","https://www.sanitary.pk/admin/assets/uploaded_images/pipes%20and%20fitting.jpeg"
"PN20-63MM","Pipe PN20 63mm","PPR","Pipes & Fittings","6081","11582","0","","https://www.sanitary.pk/admin/assets/uploaded_images/pipes%20and%20fitting.jpeg"
"PN20-75MM","Pipe PN20 75mm","PPR","Pipes & Fittings","9906","18869","0","","https://www.sanitary.pk/admin/assets/uploaded_images/pipes%20and%20fitting.jpeg"
"PN20-90MM","Pipe PN20 90mm","PPR","Pipes & Fittings","13919","26512","0","","https://www.sanitary.pk/admin/assets/uploaded_images/pipes%20and%20fitting.jpeg"
"PLA","Plug ACCUFIT 1/2","PPR","Sanitary Fittings","7","10","20","","https://www.sanitary.pk/admin/assets/uploaded_images/Pipe%20Fittings.jpg"
"PLA32","Plug ACCUFIT 3/4","PPR","Sanitary Fittings","11","15","32","","https://www.sanitary.pk/admin/assets/uploaded_images/Pipe%20Fittings.jpg"
"PLE3","Plug Elbow PVC 3in","PPR","Sanitary Fittings","126","210","0","","https://www.sanitary.pk/admin/assets/uploaded_images/Pipe%20Fittings.jpg"
"PLE4","Plug Elbow PVC 4in","PPR","Sanitary Fittings","156","260","0","","https://www.sanitary.pk/admin/assets/uploaded_images/Pipe%20Fittings.jpg"
"PLM25","Plug Master 1/2","PPR","Sanitary Fittings","9","15","0","","https://www.sanitary.pk/admin/assets/uploaded_images/Pipe%20Fittings.jpg"
"PLM32","Plug Master 3/4","PPR","Sanitary Fittings","12","20","0","","https://www.sanitary.pk/admin/assets/uploaded_images/Pipe%20Fittings.jpg"
"PLT3","Plug Tee MFit 3in","PPR","Sanitary Fittings","108","180","0","","https://www.sanitary.pk/admin/assets/uploaded_images/Pipe%20Fittings.jpg"
"PLT4","Plug Tee PVC 4in","PPR","Sanitary Fittings","198","330","0","","https://www.sanitary.pk/admin/assets/uploaded_images/Pipe%20Fittings.jpg"
"RP","Rawal Plug","Hardware","Accessories","1","1","0","","https://www.sanitary.pk/admin/assets/uploaded_images/basin%20mixer.jpeg"
"SF12","Screw Fastener 1.5in","Hardware","Accessories","40","40","0","","https://www.sanitary.pk/admin/assets/uploaded_images/basin%20mixer.jpeg"
"Sf1","Screw Fastener 1in","Hardware","Accessories","30","30","0","","https://www.sanitary.pk/admin/assets/uploaded_images/basin%20mixer.jpeg"
"SF22","Screw Fastener 2.5in","Hardware","Accessories","100","100","0","","https://www.sanitary.pk/admin/assets/uploaded_images/basin%20mixer.jpeg"
"SF2","Screw Fastener 2in","Hardware","Accessories","80","80","0","","https://www.sanitary.pk/admin/assets/uploaded_images/basin%20mixer.jpeg"
"SNC","Shower Neck Chrome","Tap/Valve","Accessories","160","160","0","","https://www.sanitary.pk/admin/assets/uploaded_images/basin%20mixer.jpeg"
"SPCYS","Single Pillar Cock Tempo","Tap/Valve","Accessories","850","850","0","","https://www.sanitary.pk/admin/assets/uploaded_images/basin%20mixer.jpeg"
"SBSQ","Sink Bowl Square","Bathroom","Accessories","1650","1650","0","","https://www.sanitary.pk/admin/assets/uploaded_images/basin%20mixer.jpeg"
"SCSYS","Sink Cock Single YS","Tap/Valve","Accessories","800","800","0","","https://www.sanitary.pk/admin/assets/uploaded_images/basin%20mixer.jpeg"
"SMC","Sink Mixer China","Tap/Valve","Accessories","2200","2200","0","","https://www.sanitary.pk/admin/assets/uploaded_images/basin%20mixer.jpeg"
"SMYS","Sink Mixer YS","Tap/Valve","Accessories","1450","1450","0","","https://www.sanitary.pk/admin/assets/uploaded_images/basin%20mixer.jpeg"
"SSNCH","Sink Shower Neck Chrome","Tap/Valve","Accessories","350","350","0","","https://www.sanitary.pk/admin/assets/uploaded_images/basin%20mixer.jpeg"
"SSNC","Sink Shower Neck Color","Tap/Valve","Accessories","500","500","0","","https://www.sanitary.pk/admin/assets/uploaded_images/basin%20mixer.jpeg"
"SW","Sink Waste","Bathroom","Accessories","200","200","0","","https://www.sanitary.pk/admin/assets/uploaded_images/basin%20mixer.jpeg"
"SD","Soap Dish Steel","Bathroom","Accessories","150","150","0","","https://www.sanitary.pk/admin/assets/uploaded_images/basin%20mixer.jpeg"
"SKT110MM","Socket 110mm","PPR","Sanitary Fittings","1693","2821","0","","https://www.sanitary.pk/admin/assets/uploaded_images/Pipe%20Fittings.jpg"
"SKT20MM","Socket 20mm","PPR","Sanitary Fittings","16","27","0","","https://www.sanitary.pk/admin/assets/uploaded_images/Pipe%20Fittings.jpg"
"SKT25MM","Socket 25mm","PPR","Sanitary Fittings","26","44","0","","https://www.sanitary.pk/admin/assets/uploaded_images/Pipe%20Fittings.jpg"
"SKT32MM","Socket 32mm","PPR","Sanitary Fittings","47","78","0","","https://www.sanitary.pk/admin/assets/uploaded_images/Pipe%20Fittings.jpg"
"SKT40MM","Socket 40mm","PPR","Sanitary Fittings","80","133","0","","https://www.sanitary.pk/admin/assets/uploaded_images/Pipe%20Fittings.jpg"
"SKT50MM","Socket 50mm","PPR","Sanitary Fittings","111","185","0","","https://www.sanitary.pk/admin/assets/uploaded_images/Pipe%20Fittings.jpg"
"SKT63MM","Socket 63mm","PPR","Sanitary Fittings","204","340","0","","https://www.sanitary.pk/admin/assets/uploaded_images/Pipe%20Fittings.jpg"
"SKT75MM","Socket 75mm","PPR","Sanitary Fittings","571","952","0","","https://www.sanitary.pk/admin/assets/uploaded_images/Pipe%20Fittings.jpg"
"SKT90MM","Socket 90mm","PPR","Sanitary Fittings","971","1618","0","","https://www.sanitary.pk/admin/assets/uploaded_images/Pipe%20Fittings.jpg"
"PS2MF","Socket MFit 2in","PPR","Sanitary Fittings","45","75","0","","https://www.sanitary.pk/admin/assets/uploaded_images/Pipe%20Fittings.jpg"
"PS3MF","Socket MFit 3in","PPR","Sanitary Fittings","78","130","0","","https://www.sanitary.pk/admin/assets/uploaded_images/Pipe%20Fittings.jpg"
"PS32","Socket MFit 3x2","PPR","Sanitary Fittings","72","120","0","","https://www.sanitary.pk/admin/assets/uploaded_images/Pipe%20Fittings.jpg"
"PS4MF","Socket MFit 4in","PPR","Sanitary Fittings","96","160","0","","https://www.sanitary.pk/admin/assets/uploaded_images/Pipe%20Fittings.jpg"
"PS43","Socket MFit 4x3","PPR","Sanitary Fittings","123","205","0","","https://www.sanitary.pk/admin/assets/uploaded_images/Pipe%20Fittings.jpg"
"SA25","Socket PPR ACCUFIT 25mm","PPR","Sanitary Fittings","14","20","375","","https://www.sanitary.pk/admin/assets/uploaded_images/Pipe%20Fittings.jpg"
"SA252","Socket PPR ACCUFIT 25x1/2","PPR","Sanitary Fittings","70","97","51","","https://www.sanitary.pk/admin/assets/uploaded_images/Pipe%20Fittings.jpg"
"SA254","Socket PPR ACCUFIT 25x3/4","PPR","Sanitary Fittings","93","129","200","","https://www.sanitary.pk/admin/assets/uploaded_images/Pipe%20Fittings.jpg"
"SA3225","Socket PPR ACCUFIT 25x32","PPR","Sanitary Fittings","22","30","43","","https://www.sanitary.pk/admin/assets/uploaded_images/Pipe%20Fittings.jpg"
"SA32","Socket PPR ACCUFIT 32mm","PPR","Sanitary Fittings","23","32","28","","https://www.sanitary.pk/admin/assets/uploaded_images/Pipe%20Fittings.jpg"
"SA322","Socket PPR ACCUFIT 32x1/2","PPR","Sanitary Fittings","122","170","283","","https://www.sanitary.pk/admin/assets/uploaded_images/Pipe%20Fittings.jpg"
"SA321","Socket PPR ACCUFIT 32x1in","PPR","Sanitary Fittings","241","335","453","","https://www.sanitary.pk/admin/assets/uploaded_images/Pipe%20Fittings.jpg"
"SA324","Socket PPR ACCUFIT 32x3/4","PPR","Sanitary Fittings","160","222","259","","https://www.sanitary.pk/admin/assets/uploaded_images/Pipe%20Fittings.jpg"
"SM25","Socket PPR Master 25mm","PPR","Sanitary Fittings","12","20","0","","https://www.sanitary.pk/admin/assets/uploaded_images/Pipe%20Fittings.jpg"
"SM252","Socket PPR Master 25x1/2","PPR","Sanitary Fittings","66","110","0","","https://www.sanitary.pk/admin/assets/uploaded_images/Pipe%20Fittings.jpg"
"SM254","Socket PPR Master 25x3/4","PPR","Sanitary Fittings","86","144","0","","https://www.sanitary.pk/admin/assets/uploaded_images/Pipe%20Fittings.jpg"
"SM3225","Socket PPR Master 25x32","PPR","Sanitary Fittings","15","25","0","","https://www.sanitary.pk/admin/assets/uploaded_images/Pipe%20Fittings.jpg"
"SM32","Socket PPR Master 32mm","PPR","Sanitary Fittings","20","33","0","","https://www.sanitary.pk/admin/assets/uploaded_images/Pipe%20Fittings.jpg"
"SM321","Socket PPR Master 32x1","PPR","Sanitary Fittings","150","250","0","","https://www.sanitary.pk/admin/assets/uploaded_images/Pipe%20Fittings.jpg"
"SM324","Socket PPR Master 32x3/4","PPR","Sanitary Fittings","94","156","0","","https://www.sanitary.pk/admin/assets/uploaded_images/Pipe%20Fittings.jpg"
"SN12","Steel Nails 1.5in per dozen","Hardware","Accessories","60","60","0","","https://www.sanitary.pk/admin/assets/uploaded_images/basin%20mixer.jpeg"
"SN1","Steel Nails 1in per dozen","Hardware","Accessories","40","40","0","","https://www.sanitary.pk/admin/assets/uploaded_images/basin%20mixer.jpeg"
"SN22","Steel Nails 2.5in per dozen","Hardware","Accessories","120","120","0","","https://www.sanitary.pk/admin/assets/uploaded_images/basin%20mixer.jpeg"
"SN2","Steel Nails 2in per dozen","Hardware","Accessories","80","80","0","","https://www.sanitary.pk/admin/assets/uploaded_images/basin%20mixer.jpeg"
"SN3","Steel Nails 3in per dozen","Hardware","Accessories","140","140","0","","https://www.sanitary.pk/admin/assets/uploaded_images/basin%20mixer.jpeg"
"SN4","Steel Nails 4in per piece","Hardware","Accessories","15","15","0","","https://www.sanitary.pk/admin/assets/uploaded_images/basin%20mixer.jpeg"
"SN5","Steel Nails 5in per piece","Hardware","Accessories","20","20","0","","https://www.sanitary.pk/admin/assets/uploaded_images/basin%20mixer.jpeg"
"SN6","Steel Nails 6in per piece","Hardware","Accessories","30","30","0","","https://www.sanitary.pk/admin/assets/uploaded_images/basin%20mixer.jpeg"
"TCC","Tee Cock China 1/2","Tap/Valve","Sanitary Fittings","350","350","0","","https://www.sanitary.pk/admin/assets/uploaded_images/Pipe%20Fittings.jpg"
"TA25","Tee PPR ACCUFIT 25mm","PPR","Sanitary Fittings","20","28","95","","https://www.sanitary.pk/admin/assets/uploaded_images/Pipe%20Fittings.jpg"
"TA252","Tee PPR ACCUFIT 25x1/2","PPR","Sanitary Fittings","91","126","84","","https://www.sanitary.pk/admin/assets/uploaded_images/Pipe%20Fittings.jpg"
"TA2532","Tee PPR ACCUFIT 25x32","PPR","Sanitary Fittings","43","60","93","","https://www.sanitary.pk/admin/assets/uploaded_images/Pipe%20Fittings.jpg"
"TA32","Tee PPR ACCUFIT 32mm","PPR","Sanitary Fittings","41","57","52","","https://www.sanitary.pk/admin/assets/uploaded_images/Pipe%20Fittings.jpg"
"TA322","Tee PPR ACCUFIT 32x1/2","PPR","Sanitary Fittings","138","192","395","","https://www.sanitary.pk/admin/assets/uploaded_images/Pipe%20Fittings.jpg"
"TA324","Tee PPR ACCUFIT 32x3/4","PPR","Sanitary Fittings","160","222","253","","https://www.sanitary.pk/admin/assets/uploaded_images/Pipe%20Fittings.jpg"
"TM25","Tee PPR Master 25mm","PPR","Sanitary Fittings","22","37","0","","https://www.sanitary.pk/admin/assets/uploaded_images/Pipe%20Fittings.jpg"
"TM252","Tee PPR Master 25x1/2","PPR","Sanitary Fittings","81","135","0","","https://www.sanitary.pk/admin/assets/uploaded_images/Pipe%20Fittings.jpg"
"TM2532","Tee PPR Master 25x32","PPR","Sanitary Fittings","33","55","0","","https://www.sanitary.pk/admin/assets/uploaded_images/Pipe%20Fittings.jpg"
"TM32","Tee PPR Master 32mm","PPR","Sanitary Fittings","36","60","0","","https://www.sanitary.pk/admin/assets/uploaded_images/Pipe%20Fittings.jpg"
"TM322","Tee PPR Master 32x1/2","PPR","Sanitary Fittings","120","200","0","","https://www.sanitary.pk/admin/assets/uploaded_images/Pipe%20Fittings.jpg"
"TM324","Tee PPR Master 32x3/4","PPR","Sanitary Fittings","126","210","0","","https://www.sanitary.pk/admin/assets/uploaded_images/Pipe%20Fittings.jpg"
"T3","Tee PVC Equal 3in","PPR","Sanitary Fittings","99","165","0","","https://www.sanitary.pk/admin/assets/uploaded_images/Pipe%20Fittings.jpg"
"T4","Tee PVC Equal 4in","PPR","Sanitary Fittings","294","490","0","","https://www.sanitary.pk/admin/assets/uploaded_images/Pipe%20Fittings.jpg"
"TT","Teflon Tape","General","Accessories","30","30","0","","https://www.sanitary.pk/admin/assets/uploaded_images/basin%20mixer.jpeg"
"TH","Tissue Holder Steel","Bathroom","Accessories","250","250","0","","https://www.sanitary.pk/admin/assets/uploaded_images/basin%20mixer.jpeg"
"TSH","Toilet Shower Handle","Tap/Valve","Accessories","200","200","0","","https://www.sanitary.pk/admin/assets/uploaded_images/basin%20mixer.jpeg"
"UC25","U Clamp 25mm","Hardware","Accessories","6","6","0","","https://www.sanitary.pk/admin/assets/uploaded_images/basin%20mixer.jpeg"
"UC2","U Clamp 2in","Hardware","Accessories","10","10","0","","https://www.sanitary.pk/admin/assets/uploaded_images/basin%20mixer.jpeg"
"UC32","U Clamp 32mm","Hardware","Accessories","8","8","0","","https://www.sanitary.pk/admin/assets/uploaded_images/basin%20mixer.jpeg"
"UC3","U Clamp 3in","Hardware","Accessories","15","15","0","","https://www.sanitary.pk/admin/assets/uploaded_images/basin%20mixer.jpeg"
"UC4","U Clamp 4in","Hardware","Accessories","20","20","0","","https://www.sanitary.pk/admin/assets/uploaded_images/basin%20mixer.jpeg"
"PBC2","UPVC Pipe B-Class 2in","UPVC","Pipes & Fittings","750","750","0","","https://www.sanitary.pk/admin/assets/uploaded_images/pipes%20and%20fitting.jpeg"
"PBC3","UPVC Pipe B-Class 3in","UPVC","Pipes & Fittings","2000","2000","0","","https://www.sanitary.pk/admin/assets/uploaded_images/pipes%20and%20fitting.jpeg"
"PBC4","UPVC Pipe B-Class 4in","UPVC","Pipes & Fittings","2700","2700","0","","https://www.sanitary.pk/admin/assets/uploaded_images/pipes%20and%20fitting.jpeg"
"PD2","UPVC Pipe Deluxe 2in","UPVC","Pipes & Fittings","750","750","0","","https://www.sanitary.pk/admin/assets/uploaded_images/pipes%20and%20fitting.jpeg"
"PD3","UPVC Pipe Deluxe 3in","UPVC","Pipes & Fittings","1500","1500","0","","https://www.sanitary.pk/admin/assets/uploaded_images/pipes%20and%20fitting.jpeg"
"PD4","UPVC Pipe Deluxe 4in","UPVC","Pipes & Fittings","2000","2000","0","","https://www.sanitary.pk/admin/assets/uploaded_images/pipes%20and%20fitting.jpeg"
"PS2U","UPVC Pipe Sewerage 2in","UPVC","Pipes & Fittings","550","550","0","","https://www.sanitary.pk/admin/assets/uploaded_images/pipes%20and%20fitting.jpeg"
"PS3U","UPVC Pipe Sewerage 3in","UPVC","Pipes & Fittings","800","800","0","","https://www.sanitary.pk/admin/assets/uploaded_images/pipes%20and%20fitting.jpeg"
"PPS4","UPVC Pipe Sewerage 4in","UPVC","Pipes & Fittings","1000","1000","0","","https://www.sanitary.pk/admin/assets/uploaded_images/pipes%20and%20fitting.jpeg"
"UA25","Union ACCUFIT 25mm","PPR","Sanitary Fittings","68","95","139","","https://www.sanitary.pk/admin/assets/uploaded_images/Pipe%20Fittings.jpg"
"UA32","Union ACCUFIT 32mm","PPR","Sanitary Fittings","104","145","204","","https://www.sanitary.pk/admin/assets/uploaded_images/Pipe%20Fittings.jpg"
"UM25","Union Master 25mm","PPR","Sanitary Fittings","39","65","0","","https://www.sanitary.pk/admin/assets/uploaded_images/Pipe%20Fittings.jpg"
"UM32","Union Master 32mm","PPR","Sanitary Fittings","57","95","0","","https://www.sanitary.pk/admin/assets/uploaded_images/Pipe%20Fittings.jpg"
"UVA25","Union Valve ACCUFIT 25mm","PPR","Sanitary Fittings","563","782","0","","https://www.sanitary.pk/admin/assets/uploaded_images/Pipe%20Fittings.jpg"
"UVA32","Union Valve ACCUFIT 32mm","PPR","Sanitary Fittings","799","1110","0","","https://www.sanitary.pk/admin/assets/uploaded_images/Pipe%20Fittings.jpg"
"UVM25","Union Valve Master 25mm","PPR","Sanitary Fittings","270","450","0","","https://www.sanitary.pk/admin/assets/uploaded_images/Pipe%20Fittings.jpg"
"UVM32","Union Valve Master 32mm","PPR","Sanitary Fittings","330","550","0","","https://www.sanitary.pk/admin/assets/uploaded_images/Pipe%20Fittings.jpg"
"VMC","Vanity Mixer China","Tap/Valve","Accessories","2000","2000","0","","https://www.sanitary.pk/admin/assets/uploaded_images/basin%20mixer.jpeg"
"WC","WC Thai Medium","Ceramic","Ceramics","1360","1360","0","","https://www.sanitary.pk/admin/assets/uploaded_images/toilets.jpeg"
"WB","Wash Basin Styilo","Ceramic","Ceramics","3200","3200","0","","https://www.sanitary.pk/admin/assets/uploaded_images/toilets.jpeg"
"WP","Waste Pipe","General","Accessories","80","80","0","","https://www.sanitary.pk/admin/assets/uploaded_images/basin%20mixer.jpeg"
"WN2","Water Nozzle 1/2","Tap/Valve","Sanitary Fittings","30","30","0","","https://www.sanitary.pk/admin/assets/uploaded_images/Pipe%20Fittings.jpg"
"WN1","Water Nozzle 1in","Tap/Valve","Sanitary Fittings","50","50","0","","https://www.sanitary.pk/admin/assets/uploaded_images/Pipe%20Fittings.jpg"
"WN4","Water Nozzle 3/4","Tap/Valve","Sanitary Fittings","40","40","0","","https://www.sanitary.pk/admin/assets/uploaded_images/Pipe%20Fittings.jpg"
"WTLOFT-250","Water Tank Accufit Loft 250L","Loft","Water Tanks","24500","24500","0","","https://www.sanitary.pk/admin/assets/uploaded_images/hdpe%20pipes.jpeg"
"WTLOFT-325","Water Tank Accufit Loft 325L","Loft","Water Tanks","28900","28900","0","","https://www.sanitary.pk/admin/assets/uploaded_images/hdpe%20pipes.jpeg"
"WTLOFT-425","Water Tank Accufit Loft 425L","Loft","Water Tanks","33400","33400","0","","https://www.sanitary.pk/admin/assets/uploaded_images/hdpe%20pipes.jpeg"
"WTLOFT-525","Water Tank Accufit Loft 525L","Loft","Water Tanks","40100","40100","0","","https://www.sanitary.pk/admin/assets/uploaded_images/hdpe%20pipes.jpeg"
"WTLOFT-625","Water Tank Accufit Loft 625L","Loft","Water Tanks","46800","46800","0","","https://www.sanitary.pk/admin/assets/uploaded_images/hdpe%20pipes.jpeg"
"WTLOFT-750","Water Tank Accufit Loft 750L","Loft","Water Tanks","51200","51200","0","","https://www.sanitary.pk/admin/assets/uploaded_images/hdpe%20pipes.jpeg"
"WTAR-1000","Water Tank Atlas Red 1000L","Atlas Red","Water Tanks","12590","16051","0","","https://www.sanitary.pk/admin/assets/uploaded_images/hdpe%20pipes.jpeg"
"WTAR-1200","Water Tank Atlas Red 1200L","Atlas Red","Water Tanks","14802","18870","0","","https://www.sanitary.pk/admin/assets/uploaded_images/hdpe%20pipes.jpeg"
"WTAR-1500","Water Tank Atlas Red 1500L","Atlas Red","Water Tanks","18142","23129","0","","https://www.sanitary.pk/admin/assets/uploaded_images/hdpe%20pipes.jpeg"
"WTAR-2000","Water Tank Atlas Red 2000L","Atlas Red","Water Tanks","23677","30185","0","","https://www.sanitary.pk/admin/assets/uploaded_images/hdpe%20pipes.jpeg"
"WTAR-300","Water Tank Atlas Red 300L","Atlas Red","Water Tanks","5386","6866","0","","https://www.sanitary.pk/admin/assets/uploaded_images/hdpe%20pipes.jpeg"
"WTAR-400","Water Tank Atlas Red 400L","Atlas Red","Water Tanks","5746","7325","0","","https://www.sanitary.pk/admin/assets/uploaded_images/hdpe%20pipes.jpeg"
"WTAR-600","Water Tank Atlas Red 600L","Atlas Red","Water Tanks","7180","9154","2","","https://www.sanitary.pk/admin/assets/uploaded_images/hdpe%20pipes.jpeg"
"WTAR-750","Water Tank Atlas Red 750L","Atlas Red","Water Tanks","10054","12818","0","","https://www.sanitary.pk/admin/assets/uploaded_images/hdpe%20pipes.jpeg"
"WTAB-1000","Water Tank Blue Supreme 1000L","Blue Supreme","Water Tanks","17046","17868","0","","https://www.sanitary.pk/admin/assets/uploaded_images/hdpe%20pipes.jpeg"
"WTAB-1200","Water Tank Blue Supreme 1200L","Blue Supreme","Water Tanks","22148","23216","0","","https://www.sanitary.pk/admin/assets/uploaded_images/hdpe%20pipes.jpeg"
"WTAB-1500","Water Tank Blue Supreme 1500L","Blue Supreme","Water Tanks","26402","27675","0","","https://www.sanitary.pk/admin/assets/uploaded_images/hdpe%20pipes.jpeg"
"WTAB-2000","Water Tank Blue Supreme 2000L","Blue Supreme","Water Tanks","31511","33030","0","","https://www.sanitary.pk/admin/assets/uploaded_images/hdpe%20pipes.jpeg"
"WTAB-300","Water Tank Blue Supreme 300L","Blue Supreme","Water Tanks","7670","8040","0","","https://www.sanitary.pk/admin/assets/uploaded_images/hdpe%20pipes.jpeg"
"WTAB-400","Water Tank Blue Supreme 400L","Blue Supreme","Water Tanks","8519","8930","0","","https://www.sanitary.pk/admin/assets/uploaded_images/hdpe%20pipes.jpeg"
"WTAB-600","Water Tank Blue Supreme 600L","Blue Supreme","Water Tanks","10227","10720","0","","https://www.sanitary.pk/admin/assets/uploaded_images/hdpe%20pipes.jpeg"
"WTAB-750","Water Tank Blue Supreme 750L","Blue Supreme","Water Tanks","13637","14295","3","","https://www.sanitary.pk/admin/assets/uploaded_images/hdpe%20pipes.jpeg"
"WTAG-1000","Water Tank Green Medium 1000L","Green Medium","Water Tanks","13581","35590","0","","https://www.sanitary.pk/admin/assets/uploaded_images/hdpe%20pipes.jpeg"
"WTAG-1200","Water Tank Green Medium 1200L","Green Medium","Water Tanks","15978","41872","0","","https://www.sanitary.pk/admin/assets/uploaded_images/hdpe%20pipes.jpeg"
"WTAG-1500","Water Tank Green Medium 1500L","Green Medium","Water Tanks","19576","51299","0","","https://www.sanitary.pk/admin/assets/uploaded_images/hdpe%20pipes.jpeg"
"WTAG-2000","Water Tank Green Medium 2000L","Green Medium","Water Tanks","25586","67049","0","","https://www.sanitary.pk/admin/assets/uploaded_images/hdpe%20pipes.jpeg"
"WTAG-300","Water Tank Green Medium 300L","Green Medium","Water Tanks","5816","15240","0","","https://www.sanitary.pk/admin/assets/uploaded_images/hdpe%20pipes.jpeg"
"WTAG-400","Water Tank Green Medium 400L","Green Medium","Water Tanks","6199","16245","0","","https://www.sanitary.pk/admin/assets/uploaded_images/hdpe%20pipes.jpeg"
"WTAG-600","Water Tank Green Medium 600L","Green Medium","Water Tanks","7754","20321","0","","https://www.sanitary.pk/admin/assets/uploaded_images/hdpe%20pipes.jpeg"
"WTAG-750","Water Tank Green Medium 750L","Green Medium","Water Tanks","10850","28433","2","","https://www.sanitary.pk/admin/assets/uploaded_images/hdpe%20pipes.jpeg"
"YT3","Y Tee PVC 3in","PPR","Sanitary Fittings","129","215","0","","https://www.sanitary.pk/admin/assets/uploaded_images/Pipe%20Fittings.jpg"
"YT4","Y Tee PVC 4in","PPR","Sanitary Fittings","294","490","0",,"https://www.sanitary.pk/admin/assets/uploaded_images/Pipe%20Fittings.jpg"
